{
  "days": [
    {
      "id": 1,
      "day": 1
    },
    {
      "id": 2,
      "day": 2
    },
    {
      "id": 3,
      "day": 3
    },
    {
      "id": 4,
      "day": 4
    }
  ],
  "words": [
    {
      "id": 1,
      "day": 1,
      "eng": "book",
      "kor": "책",
      "isDone": true
    },
    {
      "id": 3,
      "day": 2,
      "eng": "car",
      "kor": "자동차",
      "isDone": false
    },
    {
      "id": 5,
      "day": 3,
      "eng": "school",
      "kor": "학교",
      "isDone": true
    },
    {
      "day": "4",
      "eng": "car",
      "kor": "자동차",
      "isDone": false,
      "id": 6
    },
    {
      "day": "4",
      "eng": "water",
      "kor": "물",
      "isDone": false,
      "id": 7
    },
    {
      "day": "4",
      "eng": "test",
      "kor": "시험",
      "isDone": false,
      "id": 8
    },
    {
      "day": "4",
      "eng": "test",
      "kor": "시험",
      "isDone": false,
      "id": 9
    },
    {
      "day": "4",
      "eng": "ball",
      "kor": "공",
      "isDone": false,
      "id": 10
    },
    {
      "day": "4",
      "eng": "ball",
      "kor": "공",
      "isDone": false,
      "id": 11
    }
  ]
}